ERR13759450	/scratch/pawsey1142/gracefang/WPM_project/WPM_population_genetics/4b.qualimap_QC/ERR13759450.markdup_stats
ERR13759371	/scratch/pawsey1142/gracefang/WPM_project/WPM_population_genetics/4b.qualimap_QC/ERR13759371.markdup_stats
ERR13759524	/scratch/pawsey1142/gracefang/WPM_project/WPM_population_genetics/4b.qualimap_QC/ERR13759524.markdup_stats
ERR13759377	/scratch/pawsey1142/gracefang/WPM_project/WPM_population_genetics/4b.qualimap_QC/ERR13759377.markdup_stats
ERR13759447	/scratch/pawsey1142/gracefang/WPM_project/WPM_population_genetics/4b.qualimap_QC/ERR13759447.markdup_stats
ERR13759321	/scratch/pawsey1142/gracefang/WPM_project/WPM_population_genetics/4b.qualimap_QC/ERR13759321.markdup_stats
ERR13759452	/scratch/pawsey1142/gracefang/WPM_project/WPM_population_genetics/4b.qualimap_QC/ERR13759452.markdup_stats
ERR13759375	/scratch/pawsey1142/gracefang/WPM_project/WPM_population_genetics/4b.qualimap_QC/ERR13759375.markdup_stats
ERR13759457	/scratch/pawsey1142/gracefang/WPM_project/WPM_population_genetics/4b.qualimap_QC/ERR13759457.markdup_stats
ERR13759467	/scratch/pawsey1142/gracefang/WPM_project/WPM_population_genetics/4b.qualimap_QC/ERR13759467.markdup_stats
ERR13759454	/scratch/pawsey1142/gracefang/WPM_project/WPM_population_genetics/4b.qualimap_QC/ERR13759454.markdup_stats
ERR13759448	/scratch/pawsey1142/gracefang/WPM_project/WPM_population_genetics/4b.qualimap_QC/ERR13759448.markdup_stats
ERR13759465	/scratch/pawsey1142/gracefang/WPM_project/WPM_population_genetics/4b.qualimap_QC/ERR13759465.markdup_stats
ERR13759525	/scratch/pawsey1142/gracefang/WPM_project/WPM_population_genetics/4b.qualimap_QC/ERR13759525.markdup_stats
ERR13759530	/scratch/pawsey1142/gracefang/WPM_project/WPM_population_genetics/4b.qualimap_QC/ERR13759530.markdup_stats
ERR13759535	/scratch/pawsey1142/gracefang/WPM_project/WPM_population_genetics/4b.qualimap_QC/ERR13759535.markdup_stats
ERR13759519	/scratch/pawsey1142/gracefang/WPM_project/WPM_population_genetics/4b.qualimap_QC/ERR13759519.markdup_stats
ERR13762625	/scratch/pawsey1142/gracefang/WPM_project/WPM_population_genetics/4b.qualimap_QC/ERR13762625.markdup_stats
ERR13762626	/scratch/pawsey1142/gracefang/WPM_project/WPM_population_genetics/4b.qualimap_QC/ERR13762626.markdup_stats
ERR13762618	/scratch/pawsey1142/gracefang/WPM_project/WPM_population_genetics/4b.qualimap_QC/ERR13762618.markdup_stats
ERR13759474	/scratch/pawsey1142/gracefang/WPM_project/WPM_population_genetics/4b.qualimap_QC/ERR13759474.markdup_stats
ERR13762620	/scratch/pawsey1142/gracefang/WPM_project/WPM_population_genetics/4b.qualimap_QC/ERR13762620.markdup_stats
ERR13760332	/scratch/pawsey1142/gracefang/WPM_project/WPM_population_genetics/4b.qualimap_QC/ERR13760332.markdup_stats
ERR13759458	/scratch/pawsey1142/gracefang/WPM_project/WPM_population_genetics/4b.qualimap_QC/ERR13759458.markdup_stats
ERR13759462	/scratch/pawsey1142/gracefang/WPM_project/WPM_population_genetics/4b.qualimap_QC/ERR13759462.markdup_stats
ERR13761843	/scratch/pawsey1142/gracefang/WPM_project/WPM_population_genetics/4b.qualimap_QC/ERR13761843.markdup_stats
ERR13759518	/scratch/pawsey1142/gracefang/WPM_project/WPM_population_genetics/4b.qualimap_QC/ERR13759518.markdup_stats
ERR13759529	/scratch/pawsey1142/gracefang/WPM_project/WPM_population_genetics/4b.qualimap_QC/ERR13759529.markdup_stats
ERR13762629	/scratch/pawsey1142/gracefang/WPM_project/WPM_population_genetics/4b.qualimap_QC/ERR13762629.markdup_stats
ERR13759442	/scratch/pawsey1142/gracefang/WPM_project/WPM_population_genetics/4b.qualimap_QC/ERR13759442.markdup_stats
ERR13762613	/scratch/pawsey1142/gracefang/WPM_project/WPM_population_genetics/4b.qualimap_QC/ERR13762613.markdup_stats
ERR13762617	/scratch/pawsey1142/gracefang/WPM_project/WPM_population_genetics/4b.qualimap_QC/ERR13762617.markdup_stats
ERR13759468	/scratch/pawsey1142/gracefang/WPM_project/WPM_population_genetics/4b.qualimap_QC/ERR13759468.markdup_stats
ERR13759385	/scratch/pawsey1142/gracefang/WPM_project/WPM_population_genetics/4b.qualimap_QC/ERR13759385.markdup_stats
ERR13759513	/scratch/pawsey1142/gracefang/WPM_project/WPM_population_genetics/4b.qualimap_QC/ERR13759513.markdup_stats
ERR13759464	/scratch/pawsey1142/gracefang/WPM_project/WPM_population_genetics/4b.qualimap_QC/ERR13759464.markdup_stats
ERR13759523	/scratch/pawsey1142/gracefang/WPM_project/WPM_population_genetics/4b.qualimap_QC/ERR13759523.markdup_stats
ERR13759521	/scratch/pawsey1142/gracefang/WPM_project/WPM_population_genetics/4b.qualimap_QC/ERR13759521.markdup_stats
ERR13762628	/scratch/pawsey1142/gracefang/WPM_project/WPM_population_genetics/4b.qualimap_QC/ERR13762628.markdup_stats
ERR13759514	/scratch/pawsey1142/gracefang/WPM_project/WPM_population_genetics/4b.qualimap_QC/ERR13759514.markdup_stats
ERR13759456	/scratch/pawsey1142/gracefang/WPM_project/WPM_population_genetics/4b.qualimap_QC/ERR13759456.markdup_stats
ERR13759303	/scratch/pawsey1142/gracefang/WPM_project/WPM_population_genetics/4b.qualimap_QC/ERR13759303.markdup_stats
ERR13761845	/scratch/pawsey1142/gracefang/WPM_project/WPM_population_genetics/4b.qualimap_QC/ERR13761845.markdup_stats
ERR13762627	/scratch/pawsey1142/gracefang/WPM_project/WPM_population_genetics/4b.qualimap_QC/ERR13762627.markdup_stats
ERR13760303	/scratch/pawsey1142/gracefang/WPM_project/WPM_population_genetics/4b.qualimap_QC/ERR13760303.markdup_stats
ERR13759366	/scratch/pawsey1142/gracefang/WPM_project/WPM_population_genetics/4b.qualimap_QC/ERR13759366.markdup_stats
ERR13759374	/scratch/pawsey1142/gracefang/WPM_project/WPM_population_genetics/4b.qualimap_QC/ERR13759374.markdup_stats
ERR13759445	/scratch/pawsey1142/gracefang/WPM_project/WPM_population_genetics/4b.qualimap_QC/ERR13759445.markdup_stats
ERR13759470	/scratch/pawsey1142/gracefang/WPM_project/WPM_population_genetics/4b.qualimap_QC/ERR13759470.markdup_stats
ERR13759379	/scratch/pawsey1142/gracefang/WPM_project/WPM_population_genetics/4b.qualimap_QC/ERR13759379.markdup_stats
ERR13761910	/scratch/pawsey1142/gracefang/WPM_project/WPM_population_genetics/4b.qualimap_QC/ERR13761910.markdup_stats
ERR13759369	/scratch/pawsey1142/gracefang/WPM_project/WPM_population_genetics/4b.qualimap_QC/ERR13759369.markdup_stats
ERR13759364	/scratch/pawsey1142/gracefang/WPM_project/WPM_population_genetics/4b.qualimap_QC/ERR13759364.markdup_stats
ERR13759528	/scratch/pawsey1142/gracefang/WPM_project/WPM_population_genetics/4b.qualimap_QC/ERR13759528.markdup_stats
ERR13759367	/scratch/pawsey1142/gracefang/WPM_project/WPM_population_genetics/4b.qualimap_QC/ERR13759367.markdup_stats
ERR13759531	/scratch/pawsey1142/gracefang/WPM_project/WPM_population_genetics/4b.qualimap_QC/ERR13759531.markdup_stats
ERR13759466	/scratch/pawsey1142/gracefang/WPM_project/WPM_population_genetics/4b.qualimap_QC/ERR13759466.markdup_stats
ERR13759376	/scratch/pawsey1142/gracefang/WPM_project/WPM_population_genetics/4b.qualimap_QC/ERR13759376.markdup_stats
ERR13762616	/scratch/pawsey1142/gracefang/WPM_project/WPM_population_genetics/4b.qualimap_QC/ERR13762616.markdup_stats
ERR13759463	/scratch/pawsey1142/gracefang/WPM_project/WPM_population_genetics/4b.qualimap_QC/ERR13759463.markdup_stats
ERR13759386	/scratch/pawsey1142/gracefang/WPM_project/WPM_population_genetics/4b.qualimap_QC/ERR13759386.markdup_stats
ERR13759527	/scratch/pawsey1142/gracefang/WPM_project/WPM_population_genetics/4b.qualimap_QC/ERR13759527.markdup_stats
ERR13762622	/scratch/pawsey1142/gracefang/WPM_project/WPM_population_genetics/4b.qualimap_QC/ERR13762622.markdup_stats
ERR13759476	/scratch/pawsey1142/gracefang/WPM_project/WPM_population_genetics/4b.qualimap_QC/ERR13759476.markdup_stats
ERR13759373	/scratch/pawsey1142/gracefang/WPM_project/WPM_population_genetics/4b.qualimap_QC/ERR13759373.markdup_stats
ERR13762615	/scratch/pawsey1142/gracefang/WPM_project/WPM_population_genetics/4b.qualimap_QC/ERR13762615.markdup_stats
ERR13762621	/scratch/pawsey1142/gracefang/WPM_project/WPM_population_genetics/4b.qualimap_QC/ERR13762621.markdup_stats
ERR13759381	/scratch/pawsey1142/gracefang/WPM_project/WPM_population_genetics/4b.qualimap_QC/ERR13759381.markdup_stats
ERR13759441	/scratch/pawsey1142/gracefang/WPM_project/WPM_population_genetics/4b.qualimap_QC/ERR13759441.markdup_stats
ERR13759469	/scratch/pawsey1142/gracefang/WPM_project/WPM_population_genetics/4b.qualimap_QC/ERR13759469.markdup_stats
ERR13759532	/scratch/pawsey1142/gracefang/WPM_project/WPM_population_genetics/4b.qualimap_QC/ERR13759532.markdup_stats
ERR13759368	/scratch/pawsey1142/gracefang/WPM_project/WPM_population_genetics/4b.qualimap_QC/ERR13759368.markdup_stats
ERR13759438	/scratch/pawsey1142/gracefang/WPM_project/WPM_population_genetics/4b.qualimap_QC/ERR13759438.markdup_stats
ERR13761074	/scratch/pawsey1142/gracefang/WPM_project/WPM_population_genetics/4b.qualimap_QC/ERR13761074.markdup_stats
ERR13759497	/scratch/pawsey1142/gracefang/WPM_project/WPM_population_genetics/4b.qualimap_QC/ERR13759497.markdup_stats
ERR13759443	/scratch/pawsey1142/gracefang/WPM_project/WPM_population_genetics/4b.qualimap_QC/ERR13759443.markdup_stats
ERR13759313	/scratch/pawsey1142/gracefang/WPM_project/WPM_population_genetics/4b.qualimap_QC/ERR13759313.markdup_stats
ERR13759459	/scratch/pawsey1142/gracefang/WPM_project/WPM_population_genetics/4b.qualimap_QC/ERR13759459.markdup_stats
ERR12982984	/scratch/pawsey1142/gracefang/WPM_project/WPM_population_genetics/4b.qualimap_QC/ERR12982984.markdup_stats
ERR13758479	/scratch/pawsey1142/gracefang/WPM_project/WPM_population_genetics/4b.qualimap_QC/ERR13758479.markdup_stats
ERR13758475	/scratch/pawsey1142/gracefang/WPM_project/WPM_population_genetics/4b.qualimap_QC/ERR13758475.markdup_stats
ERR13758446	/scratch/pawsey1142/gracefang/WPM_project/WPM_population_genetics/4b.qualimap_QC/ERR13758446.markdup_stats
ERR13758476	/scratch/pawsey1142/gracefang/WPM_project/WPM_population_genetics/4b.qualimap_QC/ERR13758476.markdup_stats
ERR13758477	/scratch/pawsey1142/gracefang/WPM_project/WPM_population_genetics/4b.qualimap_QC/ERR13758477.markdup_stats
395719	/scratch/pawsey1142/gracefang/WPM_project/WPM_population_genetics/4b.qualimap_QC/395719.markdup_stats
ERR13758506	/scratch/pawsey1142/gracefang/WPM_project/WPM_population_genetics/4b.qualimap_QC/ERR13758506.markdup_stats
ERR13758472	/scratch/pawsey1142/gracefang/WPM_project/WPM_population_genetics/4b.qualimap_QC/ERR13758472.markdup_stats
ERR13758478	/scratch/pawsey1142/gracefang/WPM_project/WPM_population_genetics/4b.qualimap_QC/ERR13758478.markdup_stats
395728	/scratch/pawsey1142/gracefang/WPM_project/WPM_population_genetics/4b.qualimap_QC/395728.markdup_stats
395729	/scratch/pawsey1142/gracefang/WPM_project/WPM_population_genetics/4b.qualimap_QC/395729.markdup_stats
395731	/scratch/pawsey1142/gracefang/WPM_project/WPM_population_genetics/4b.qualimap_QC/395731.markdup_stats
395718	/scratch/pawsey1142/gracefang/WPM_project/WPM_population_genetics/4b.qualimap_QC/395718.markdup_stats
395724	/scratch/pawsey1142/gracefang/WPM_project/WPM_population_genetics/4b.qualimap_QC/395724.markdup_stats
395730	/scratch/pawsey1142/gracefang/WPM_project/WPM_population_genetics/4b.qualimap_QC/395730.markdup_stats
395725	/scratch/pawsey1142/gracefang/WPM_project/WPM_population_genetics/4b.qualimap_QC/395725.markdup_stats
395720	/scratch/pawsey1142/gracefang/WPM_project/WPM_population_genetics/4b.qualimap_QC/395720.markdup_stats
395722	/scratch/pawsey1142/gracefang/WPM_project/WPM_population_genetics/4b.qualimap_QC/395722.markdup_stats
395726	/scratch/pawsey1142/gracefang/WPM_project/WPM_population_genetics/4b.qualimap_QC/395726.markdup_stats
395723	/scratch/pawsey1142/gracefang/WPM_project/WPM_population_genetics/4b.qualimap_QC/395723.markdup_stats
395721	/scratch/pawsey1142/gracefang/WPM_project/WPM_population_genetics/4b.qualimap_QC/395721.markdup_stats
ERR13762725	/scratch/pawsey1142/gracefang/WPM_project/WPM_population_genetics/4b.qualimap_QC/ERR13762725.markdup_stats
ERR13762763	/scratch/pawsey1142/gracefang/WPM_project/WPM_population_genetics/4b.qualimap_QC/ERR13762763.markdup_stats
ERR13762691	/scratch/pawsey1142/gracefang/WPM_project/WPM_population_genetics/4b.qualimap_QC/ERR13762691.markdup_stats
ERR13762797	/scratch/pawsey1142/gracefang/WPM_project/WPM_population_genetics/4b.qualimap_QC/ERR13762797.markdup_stats
ERR13762767	/scratch/pawsey1142/gracefang/WPM_project/WPM_population_genetics/4b.qualimap_QC/ERR13762767.markdup_stats
ERR13762800	/scratch/pawsey1142/gracefang/WPM_project/WPM_population_genetics/4b.qualimap_QC/ERR13762800.markdup_stats
ERR13762752	/scratch/pawsey1142/gracefang/WPM_project/WPM_population_genetics/4b.qualimap_QC/ERR13762752.markdup_stats
ERR13762766	/scratch/pawsey1142/gracefang/WPM_project/WPM_population_genetics/4b.qualimap_QC/ERR13762766.markdup_stats
ERR13762677	/scratch/pawsey1142/gracefang/WPM_project/WPM_population_genetics/4b.qualimap_QC/ERR13762677.markdup_stats
ERR13762755	/scratch/pawsey1142/gracefang/WPM_project/WPM_population_genetics/4b.qualimap_QC/ERR13762755.markdup_stats
ERR13762818	/scratch/pawsey1142/gracefang/WPM_project/WPM_population_genetics/4b.qualimap_QC/ERR13762818.markdup_stats
ERR13762809	/scratch/pawsey1142/gracefang/WPM_project/WPM_population_genetics/4b.qualimap_QC/ERR13762809.markdup_stats
ERR13762853	/scratch/pawsey1142/gracefang/WPM_project/WPM_population_genetics/4b.qualimap_QC/ERR13762853.markdup_stats
ERR13762901	/scratch/pawsey1142/gracefang/WPM_project/WPM_population_genetics/4b.qualimap_QC/ERR13762901.markdup_stats
ERR13762734	/scratch/pawsey1142/gracefang/WPM_project/WPM_population_genetics/4b.qualimap_QC/ERR13762734.markdup_stats
ERR13762646	/scratch/pawsey1142/gracefang/WPM_project/WPM_population_genetics/4b.qualimap_QC/ERR13762646.markdup_stats
ERR13762869	/scratch/pawsey1142/gracefang/WPM_project/WPM_population_genetics/4b.qualimap_QC/ERR13762869.markdup_stats
ERR13762883	/scratch/pawsey1142/gracefang/WPM_project/WPM_population_genetics/4b.qualimap_QC/ERR13762883.markdup_stats
ERR13762733	/scratch/pawsey1142/gracefang/WPM_project/WPM_population_genetics/4b.qualimap_QC/ERR13762733.markdup_stats
SRR11548116	/scratch/pawsey1142/gracefang/WPM_project/WPM_population_genetics/4b.qualimap_QC/SRR11548116.markdup_stats
ERR13762751	/scratch/pawsey1142/gracefang/WPM_project/WPM_population_genetics/4b.qualimap_QC/ERR13762751.markdup_stats
SRR11548115	/scratch/pawsey1142/gracefang/WPM_project/WPM_population_genetics/4b.qualimap_QC/SRR11548115.markdup_stats
ERR13762906	/scratch/pawsey1142/gracefang/WPM_project/WPM_population_genetics/4b.qualimap_QC/ERR13762906.markdup_stats
ERR13762633	/scratch/pawsey1142/gracefang/WPM_project/WPM_population_genetics/4b.qualimap_QC/ERR13762633.markdup_stats
ERR13762735	/scratch/pawsey1142/gracefang/WPM_project/WPM_population_genetics/4b.qualimap_QC/ERR13762735.markdup_stats
SRR11548118	/scratch/pawsey1142/gracefang/WPM_project/WPM_population_genetics/4b.qualimap_QC/SRR11548118.markdup_stats
ERR13762771	/scratch/pawsey1142/gracefang/WPM_project/WPM_population_genetics/4b.qualimap_QC/ERR13762771.markdup_stats
ERR13762866	/scratch/pawsey1142/gracefang/WPM_project/WPM_population_genetics/4b.qualimap_QC/ERR13762866.markdup_stats
SRR11548190	/scratch/pawsey1142/gracefang/WPM_project/WPM_population_genetics/4b.qualimap_QC/SRR11548190.markdup_stats
ERR13762723	/scratch/pawsey1142/gracefang/WPM_project/WPM_population_genetics/4b.qualimap_QC/ERR13762723.markdup_stats
ERR13762682	/scratch/pawsey1142/gracefang/WPM_project/WPM_population_genetics/4b.qualimap_QC/ERR13762682.markdup_stats
ERR13762856	/scratch/pawsey1142/gracefang/WPM_project/WPM_population_genetics/4b.qualimap_QC/ERR13762856.markdup_stats
ERR13762638	/scratch/pawsey1142/gracefang/WPM_project/WPM_population_genetics/4b.qualimap_QC/ERR13762638.markdup_stats
ERR13762904	/scratch/pawsey1142/gracefang/WPM_project/WPM_population_genetics/4b.qualimap_QC/ERR13762904.markdup_stats
ERR13762874	/scratch/pawsey1142/gracefang/WPM_project/WPM_population_genetics/4b.qualimap_QC/ERR13762874.markdup_stats
ERR13762868	/scratch/pawsey1142/gracefang/WPM_project/WPM_population_genetics/4b.qualimap_QC/ERR13762868.markdup_stats
SRR11548121	/scratch/pawsey1142/gracefang/WPM_project/WPM_population_genetics/4b.qualimap_QC/SRR11548121.markdup_stats
ERR13762688	/scratch/pawsey1142/gracefang/WPM_project/WPM_population_genetics/4b.qualimap_QC/ERR13762688.markdup_stats
ERR13762842	/scratch/pawsey1142/gracefang/WPM_project/WPM_population_genetics/4b.qualimap_QC/ERR13762842.markdup_stats
ERR13762727	/scratch/pawsey1142/gracefang/WPM_project/WPM_population_genetics/4b.qualimap_QC/ERR13762727.markdup_stats
SRR11548119	/scratch/pawsey1142/gracefang/WPM_project/WPM_population_genetics/4b.qualimap_QC/SRR11548119.markdup_stats
ERR13762731	/scratch/pawsey1142/gracefang/WPM_project/WPM_population_genetics/4b.qualimap_QC/ERR13762731.markdup_stats
ERR13762899	/scratch/pawsey1142/gracefang/WPM_project/WPM_population_genetics/4b.qualimap_QC/ERR13762899.markdup_stats
SRR11548117	/scratch/pawsey1142/gracefang/WPM_project/WPM_population_genetics/4b.qualimap_QC/SRR11548117.markdup_stats
ERR13762844	/scratch/pawsey1142/gracefang/WPM_project/WPM_population_genetics/4b.qualimap_QC/ERR13762844.markdup_stats
SRR11548186	/scratch/pawsey1142/gracefang/WPM_project/WPM_population_genetics/4b.qualimap_QC/SRR11548186.markdup_stats
SRR11548141	/scratch/pawsey1142/gracefang/WPM_project/WPM_population_genetics/4b.qualimap_QC/SRR11548141.markdup_stats
SRR11548140	/scratch/pawsey1142/gracefang/WPM_project/WPM_population_genetics/4b.qualimap_QC/SRR11548140.markdup_stats
ERR13762902	/scratch/pawsey1142/gracefang/WPM_project/WPM_population_genetics/4b.qualimap_QC/ERR13762902.markdup_stats
SRR11548126	/scratch/pawsey1142/gracefang/WPM_project/WPM_population_genetics/4b.qualimap_QC/SRR11548126.markdup_stats
ERR13762897	/scratch/pawsey1142/gracefang/WPM_project/WPM_population_genetics/4b.qualimap_QC/ERR13762897.markdup_stats
ERR13762782	/scratch/pawsey1142/gracefang/WPM_project/WPM_population_genetics/4b.qualimap_QC/ERR13762782.markdup_stats
ERR13762775	/scratch/pawsey1142/gracefang/WPM_project/WPM_population_genetics/4b.qualimap_QC/ERR13762775.markdup_stats
ERR13762728	/scratch/pawsey1142/gracefang/WPM_project/WPM_population_genetics/4b.qualimap_QC/ERR13762728.markdup_stats
ERR13762823	/scratch/pawsey1142/gracefang/WPM_project/WPM_population_genetics/4b.qualimap_QC/ERR13762823.markdup_stats
SRR11548187	/scratch/pawsey1142/gracefang/WPM_project/WPM_population_genetics/4b.qualimap_QC/SRR11548187.markdup_stats
ERR13762641	/scratch/pawsey1142/gracefang/WPM_project/WPM_population_genetics/4b.qualimap_QC/ERR13762641.markdup_stats
SRR11548143	/scratch/pawsey1142/gracefang/WPM_project/WPM_population_genetics/4b.qualimap_QC/SRR11548143.markdup_stats
ERR13762640	/scratch/pawsey1142/gracefang/WPM_project/WPM_population_genetics/4b.qualimap_QC/ERR13762640.markdup_stats
ERR13762796	/scratch/pawsey1142/gracefang/WPM_project/WPM_population_genetics/4b.qualimap_QC/ERR13762796.markdup_stats
ERR13762854	/scratch/pawsey1142/gracefang/WPM_project/WPM_population_genetics/4b.qualimap_QC/ERR13762854.markdup_stats
ERR13762754	/scratch/pawsey1142/gracefang/WPM_project/WPM_population_genetics/4b.qualimap_QC/ERR13762754.markdup_stats
ERR13762634	/scratch/pawsey1142/gracefang/WPM_project/WPM_population_genetics/4b.qualimap_QC/ERR13762634.markdup_stats
ERR13762807	/scratch/pawsey1142/gracefang/WPM_project/WPM_population_genetics/4b.qualimap_QC/ERR13762807.markdup_stats
ERR13762642	/scratch/pawsey1142/gracefang/WPM_project/WPM_population_genetics/4b.qualimap_QC/ERR13762642.markdup_stats
ERR13762690	/scratch/pawsey1142/gracefang/WPM_project/WPM_population_genetics/4b.qualimap_QC/ERR13762690.markdup_stats
ERR13762849	/scratch/pawsey1142/gracefang/WPM_project/WPM_population_genetics/4b.qualimap_QC/ERR13762849.markdup_stats
ERR13762721	/scratch/pawsey1142/gracefang/WPM_project/WPM_population_genetics/4b.qualimap_QC/ERR13762721.markdup_stats
SRR11548122	/scratch/pawsey1142/gracefang/WPM_project/WPM_population_genetics/4b.qualimap_QC/SRR11548122.markdup_stats
ERR13762649	/scratch/pawsey1142/gracefang/WPM_project/WPM_population_genetics/4b.qualimap_QC/ERR13762649.markdup_stats
ERR13762837	/scratch/pawsey1142/gracefang/WPM_project/WPM_population_genetics/4b.qualimap_QC/ERR13762837.markdup_stats
ERR13762726	/scratch/pawsey1142/gracefang/WPM_project/WPM_population_genetics/4b.qualimap_QC/ERR13762726.markdup_stats
ERR13762773	/scratch/pawsey1142/gracefang/WPM_project/WPM_population_genetics/4b.qualimap_QC/ERR13762773.markdup_stats
ERR13762792	/scratch/pawsey1142/gracefang/WPM_project/WPM_population_genetics/4b.qualimap_QC/ERR13762792.markdup_stats
ERR13762848	/scratch/pawsey1142/gracefang/WPM_project/WPM_population_genetics/4b.qualimap_QC/ERR13762848.markdup_stats
ERR13762769	/scratch/pawsey1142/gracefang/WPM_project/WPM_population_genetics/4b.qualimap_QC/ERR13762769.markdup_stats
ERR13762822	/scratch/pawsey1142/gracefang/WPM_project/WPM_population_genetics/4b.qualimap_QC/ERR13762822.markdup_stats
ERR13762768	/scratch/pawsey1142/gracefang/WPM_project/WPM_population_genetics/4b.qualimap_QC/ERR13762768.markdup_stats
ERR13762832	/scratch/pawsey1142/gracefang/WPM_project/WPM_population_genetics/4b.qualimap_QC/ERR13762832.markdup_stats
ERR13762798	/scratch/pawsey1142/gracefang/WPM_project/WPM_population_genetics/4b.qualimap_QC/ERR13762798.markdup_stats
ERR13762861	/scratch/pawsey1142/gracefang/WPM_project/WPM_population_genetics/4b.qualimap_QC/ERR13762861.markdup_stats
ERR13762896	/scratch/pawsey1142/gracefang/WPM_project/WPM_population_genetics/4b.qualimap_QC/ERR13762896.markdup_stats
ERR13762857	/scratch/pawsey1142/gracefang/WPM_project/WPM_population_genetics/4b.qualimap_QC/ERR13762857.markdup_stats
ERR13762776	/scratch/pawsey1142/gracefang/WPM_project/WPM_population_genetics/4b.qualimap_QC/ERR13762776.markdup_stats
ERR13762748	/scratch/pawsey1142/gracefang/WPM_project/WPM_population_genetics/4b.qualimap_QC/ERR13762748.markdup_stats
ERR13762648	/scratch/pawsey1142/gracefang/WPM_project/WPM_population_genetics/4b.qualimap_QC/ERR13762648.markdup_stats
ERR13762758	/scratch/pawsey1142/gracefang/WPM_project/WPM_population_genetics/4b.qualimap_QC/ERR13762758.markdup_stats
ERR13762885	/scratch/pawsey1142/gracefang/WPM_project/WPM_population_genetics/4b.qualimap_QC/ERR13762885.markdup_stats
ERR13762804	/scratch/pawsey1142/gracefang/WPM_project/WPM_population_genetics/4b.qualimap_QC/ERR13762804.markdup_stats
ERR13762644	/scratch/pawsey1142/gracefang/WPM_project/WPM_population_genetics/4b.qualimap_QC/ERR13762644.markdup_stats
ERR13762757	/scratch/pawsey1142/gracefang/WPM_project/WPM_population_genetics/4b.qualimap_QC/ERR13762757.markdup_stats
SRR11548123	/scratch/pawsey1142/gracefang/WPM_project/WPM_population_genetics/4b.qualimap_QC/SRR11548123.markdup_stats
ERR13762829	/scratch/pawsey1142/gracefang/WPM_project/WPM_population_genetics/4b.qualimap_QC/ERR13762829.markdup_stats
SRR11548125	/scratch/pawsey1142/gracefang/WPM_project/WPM_population_genetics/4b.qualimap_QC/SRR11548125.markdup_stats
SRR11548200	/scratch/pawsey1142/gracefang/WPM_project/WPM_population_genetics/4b.qualimap_QC/SRR11548200.markdup_stats
ERR13762680	/scratch/pawsey1142/gracefang/WPM_project/WPM_population_genetics/4b.qualimap_QC/ERR13762680.markdup_stats
ERR13762687	/scratch/pawsey1142/gracefang/WPM_project/WPM_population_genetics/4b.qualimap_QC/ERR13762687.markdup_stats
SRR11548203	/scratch/pawsey1142/gracefang/WPM_project/WPM_population_genetics/4b.qualimap_QC/SRR11548203.markdup_stats
ERR13762749	/scratch/pawsey1142/gracefang/WPM_project/WPM_population_genetics/4b.qualimap_QC/ERR13762749.markdup_stats
SRR11548188	/scratch/pawsey1142/gracefang/WPM_project/WPM_population_genetics/4b.qualimap_QC/SRR11548188.markdup_stats
ERR13762747	/scratch/pawsey1142/gracefang/WPM_project/WPM_population_genetics/4b.qualimap_QC/ERR13762747.markdup_stats
ERR13762814	/scratch/pawsey1142/gracefang/WPM_project/WPM_population_genetics/4b.qualimap_QC/ERR13762814.markdup_stats
SRR11548171	/scratch/pawsey1142/gracefang/WPM_project/WPM_population_genetics/4b.qualimap_QC/SRR11548171.markdup_stats
SRR11548172	/scratch/pawsey1142/gracefang/WPM_project/WPM_population_genetics/4b.qualimap_QC/SRR11548172.markdup_stats
ERR13762630	/scratch/pawsey1142/gracefang/WPM_project/WPM_population_genetics/4b.qualimap_QC/ERR13762630.markdup_stats
ERR13762909	/scratch/pawsey1142/gracefang/WPM_project/WPM_population_genetics/4b.qualimap_QC/ERR13762909.markdup_stats
ERR13762777	/scratch/pawsey1142/gracefang/WPM_project/WPM_population_genetics/4b.qualimap_QC/ERR13762777.markdup_stats
ERR13762674	/scratch/pawsey1142/gracefang/WPM_project/WPM_population_genetics/4b.qualimap_QC/ERR13762674.markdup_stats
ERR13762817	/scratch/pawsey1142/gracefang/WPM_project/WPM_population_genetics/4b.qualimap_QC/ERR13762817.markdup_stats
ERR13762873	/scratch/pawsey1142/gracefang/WPM_project/WPM_population_genetics/4b.qualimap_QC/ERR13762873.markdup_stats
ERR13762811	/scratch/pawsey1142/gracefang/WPM_project/WPM_population_genetics/4b.qualimap_QC/ERR13762811.markdup_stats
SRR11548127	/scratch/pawsey1142/gracefang/WPM_project/WPM_population_genetics/4b.qualimap_QC/SRR11548127.markdup_stats
ERR13762878	/scratch/pawsey1142/gracefang/WPM_project/WPM_population_genetics/4b.qualimap_QC/ERR13762878.markdup_stats
ERR13762833	/scratch/pawsey1142/gracefang/WPM_project/WPM_population_genetics/4b.qualimap_QC/ERR13762833.markdup_stats
ERR13762840	/scratch/pawsey1142/gracefang/WPM_project/WPM_population_genetics/4b.qualimap_QC/ERR13762840.markdup_stats
ERR13762864	/scratch/pawsey1142/gracefang/WPM_project/WPM_population_genetics/4b.qualimap_QC/ERR13762864.markdup_stats
ERR13762645	/scratch/pawsey1142/gracefang/WPM_project/WPM_population_genetics/4b.qualimap_QC/ERR13762645.markdup_stats
SRR11548199	/scratch/pawsey1142/gracefang/WPM_project/WPM_population_genetics/4b.qualimap_QC/SRR11548199.markdup_stats
ERR13762892	/scratch/pawsey1142/gracefang/WPM_project/WPM_population_genetics/4b.qualimap_QC/ERR13762892.markdup_stats
ERR13762781	/scratch/pawsey1142/gracefang/WPM_project/WPM_population_genetics/4b.qualimap_QC/ERR13762781.markdup_stats
ERR13762911	/scratch/pawsey1142/gracefang/WPM_project/WPM_population_genetics/4b.qualimap_QC/ERR13762911.markdup_stats
ERR13762859	/scratch/pawsey1142/gracefang/WPM_project/WPM_population_genetics/4b.qualimap_QC/ERR13762859.markdup_stats
ERR13762887	/scratch/pawsey1142/gracefang/WPM_project/WPM_population_genetics/4b.qualimap_QC/ERR13762887.markdup_stats
ERR13762632	/scratch/pawsey1142/gracefang/WPM_project/WPM_population_genetics/4b.qualimap_QC/ERR13762632.markdup_stats
ERR13762881	/scratch/pawsey1142/gracefang/WPM_project/WPM_population_genetics/4b.qualimap_QC/ERR13762881.markdup_stats
ERR13762835	/scratch/pawsey1142/gracefang/WPM_project/WPM_population_genetics/4b.qualimap_QC/ERR13762835.markdup_stats
ERR13762819	/scratch/pawsey1142/gracefang/WPM_project/WPM_population_genetics/4b.qualimap_QC/ERR13762819.markdup_stats
SRR11548165	/scratch/pawsey1142/gracefang/WPM_project/WPM_population_genetics/4b.qualimap_QC/SRR11548165.markdup_stats
ERR13762826	/scratch/pawsey1142/gracefang/WPM_project/WPM_population_genetics/4b.qualimap_QC/ERR13762826.markdup_stats
ERR13762779	/scratch/pawsey1142/gracefang/WPM_project/WPM_population_genetics/4b.qualimap_QC/ERR13762779.markdup_stats
ERR13762900	/scratch/pawsey1142/gracefang/WPM_project/WPM_population_genetics/4b.qualimap_QC/ERR13762900.markdup_stats
ERR13762761	/scratch/pawsey1142/gracefang/WPM_project/WPM_population_genetics/4b.qualimap_QC/ERR13762761.markdup_stats
ERR13762683	/scratch/pawsey1142/gracefang/WPM_project/WPM_population_genetics/4b.qualimap_QC/ERR13762683.markdup_stats
ERR13762722	/scratch/pawsey1142/gracefang/WPM_project/WPM_population_genetics/4b.qualimap_QC/ERR13762722.markdup_stats
ERR13762791	/scratch/pawsey1142/gracefang/WPM_project/WPM_population_genetics/4b.qualimap_QC/ERR13762791.markdup_stats
ERR13762834	/scratch/pawsey1142/gracefang/WPM_project/WPM_population_genetics/4b.qualimap_QC/ERR13762834.markdup_stats
SRR11548152	/scratch/pawsey1142/gracefang/WPM_project/WPM_population_genetics/4b.qualimap_QC/SRR11548152.markdup_stats
ERR13762801	/scratch/pawsey1142/gracefang/WPM_project/WPM_population_genetics/4b.qualimap_QC/ERR13762801.markdup_stats
ERR13762891	/scratch/pawsey1142/gracefang/WPM_project/WPM_population_genetics/4b.qualimap_QC/ERR13762891.markdup_stats
SRR11548163	/scratch/pawsey1142/gracefang/WPM_project/WPM_population_genetics/4b.qualimap_QC/SRR11548163.markdup_stats
ERR13762830	/scratch/pawsey1142/gracefang/WPM_project/WPM_population_genetics/4b.qualimap_QC/ERR13762830.markdup_stats
ERR13762827	/scratch/pawsey1142/gracefang/WPM_project/WPM_population_genetics/4b.qualimap_QC/ERR13762827.markdup_stats
ERR13762799	/scratch/pawsey1142/gracefang/WPM_project/WPM_population_genetics/4b.qualimap_QC/ERR13762799.markdup_stats
ERR13762730	/scratch/pawsey1142/gracefang/WPM_project/WPM_population_genetics/4b.qualimap_QC/ERR13762730.markdup_stats
ERR13762825	/scratch/pawsey1142/gracefang/WPM_project/WPM_population_genetics/4b.qualimap_QC/ERR13762825.markdup_stats
ERR13762913	/scratch/pawsey1142/gracefang/WPM_project/WPM_population_genetics/4b.qualimap_QC/ERR13762913.markdup_stats
ERR13762729	/scratch/pawsey1142/gracefang/WPM_project/WPM_population_genetics/4b.qualimap_QC/ERR13762729.markdup_stats
ERR13762860	/scratch/pawsey1142/gracefang/WPM_project/WPM_population_genetics/4b.qualimap_QC/ERR13762860.markdup_stats
ERR13762820	/scratch/pawsey1142/gracefang/WPM_project/WPM_population_genetics/4b.qualimap_QC/ERR13762820.markdup_stats
ERR13762750	/scratch/pawsey1142/gracefang/WPM_project/WPM_population_genetics/4b.qualimap_QC/ERR13762750.markdup_stats
ERR13762784	/scratch/pawsey1142/gracefang/WPM_project/WPM_population_genetics/4b.qualimap_QC/ERR13762784.markdup_stats
SRR11548130	/scratch/pawsey1142/gracefang/WPM_project/WPM_population_genetics/4b.qualimap_QC/SRR11548130.markdup_stats
ERR13762894	/scratch/pawsey1142/gracefang/WPM_project/WPM_population_genetics/4b.qualimap_QC/ERR13762894.markdup_stats
SRR11548124	/scratch/pawsey1142/gracefang/WPM_project/WPM_population_genetics/4b.qualimap_QC/SRR11548124.markdup_stats
ERR13762788	/scratch/pawsey1142/gracefang/WPM_project/WPM_population_genetics/4b.qualimap_QC/ERR13762788.markdup_stats
ERR13762760	/scratch/pawsey1142/gracefang/WPM_project/WPM_population_genetics/4b.qualimap_QC/ERR13762760.markdup_stats
ERR13762742	/scratch/pawsey1142/gracefang/WPM_project/WPM_population_genetics/4b.qualimap_QC/ERR13762742.markdup_stats
ERR13762898	/scratch/pawsey1142/gracefang/WPM_project/WPM_population_genetics/4b.qualimap_QC/ERR13762898.markdup_stats
SRR11548180	/scratch/pawsey1142/gracefang/WPM_project/WPM_population_genetics/4b.qualimap_QC/SRR11548180.markdup_stats
ERR13762863	/scratch/pawsey1142/gracefang/WPM_project/WPM_population_genetics/4b.qualimap_QC/ERR13762863.markdup_stats
ERR13762852	/scratch/pawsey1142/gracefang/WPM_project/WPM_population_genetics/4b.qualimap_QC/ERR13762852.markdup_stats
SRR11548202	/scratch/pawsey1142/gracefang/WPM_project/WPM_population_genetics/4b.qualimap_QC/SRR11548202.markdup_stats
SRR11548120	/scratch/pawsey1142/gracefang/WPM_project/WPM_population_genetics/4b.qualimap_QC/SRR11548120.markdup_stats
SRR11548134	/scratch/pawsey1142/gracefang/WPM_project/WPM_population_genetics/4b.qualimap_QC/SRR11548134.markdup_stats
SRR11548146	/scratch/pawsey1142/gracefang/WPM_project/WPM_population_genetics/4b.qualimap_QC/SRR11548146.markdup_stats
SRR11548177	/scratch/pawsey1142/gracefang/WPM_project/WPM_population_genetics/4b.qualimap_QC/SRR11548177.markdup_stats
ERR13762684	/scratch/pawsey1142/gracefang/WPM_project/WPM_population_genetics/4b.qualimap_QC/ERR13762684.markdup_stats
ERR13762681	/scratch/pawsey1142/gracefang/WPM_project/WPM_population_genetics/4b.qualimap_QC/ERR13762681.markdup_stats
SRR11548131	/scratch/pawsey1142/gracefang/WPM_project/WPM_population_genetics/4b.qualimap_QC/SRR11548131.markdup_stats
ERR13762858	/scratch/pawsey1142/gracefang/WPM_project/WPM_population_genetics/4b.qualimap_QC/ERR13762858.markdup_stats
SRR11548147	/scratch/pawsey1142/gracefang/WPM_project/WPM_population_genetics/4b.qualimap_QC/SRR11548147.markdup_stats
ERR13762877	/scratch/pawsey1142/gracefang/WPM_project/WPM_population_genetics/4b.qualimap_QC/ERR13762877.markdup_stats
ERR13762816	/scratch/pawsey1142/gracefang/WPM_project/WPM_population_genetics/4b.qualimap_QC/ERR13762816.markdup_stats
ERR13762737	/scratch/pawsey1142/gracefang/WPM_project/WPM_population_genetics/4b.qualimap_QC/ERR13762737.markdup_stats
ERR13762886	/scratch/pawsey1142/gracefang/WPM_project/WPM_population_genetics/4b.qualimap_QC/ERR13762886.markdup_stats
ERR13762851	/scratch/pawsey1142/gracefang/WPM_project/WPM_population_genetics/4b.qualimap_QC/ERR13762851.markdup_stats
ERR13762910	/scratch/pawsey1142/gracefang/WPM_project/WPM_population_genetics/4b.qualimap_QC/ERR13762910.markdup_stats
ERR13762740	/scratch/pawsey1142/gracefang/WPM_project/WPM_population_genetics/4b.qualimap_QC/ERR13762740.markdup_stats
SRR11548161	/scratch/pawsey1142/gracefang/WPM_project/WPM_population_genetics/4b.qualimap_QC/SRR11548161.markdup_stats
ERR13762888	/scratch/pawsey1142/gracefang/WPM_project/WPM_population_genetics/4b.qualimap_QC/ERR13762888.markdup_stats
SRR11548184	/scratch/pawsey1142/gracefang/WPM_project/WPM_population_genetics/4b.qualimap_QC/SRR11548184.markdup_stats
ERR13762908	/scratch/pawsey1142/gracefang/WPM_project/WPM_population_genetics/4b.qualimap_QC/ERR13762908.markdup_stats
SRR11548173	/scratch/pawsey1142/gracefang/WPM_project/WPM_population_genetics/4b.qualimap_QC/SRR11548173.markdup_stats
ERR13762810	/scratch/pawsey1142/gracefang/WPM_project/WPM_population_genetics/4b.qualimap_QC/ERR13762810.markdup_stats
ERR13762802	/scratch/pawsey1142/gracefang/WPM_project/WPM_population_genetics/4b.qualimap_QC/ERR13762802.markdup_stats
SRR11548158	/scratch/pawsey1142/gracefang/WPM_project/WPM_population_genetics/4b.qualimap_QC/SRR11548158.markdup_stats
ERR13762879	/scratch/pawsey1142/gracefang/WPM_project/WPM_population_genetics/4b.qualimap_QC/ERR13762879.markdup_stats
SRR11548189	/scratch/pawsey1142/gracefang/WPM_project/WPM_population_genetics/4b.qualimap_QC/SRR11548189.markdup_stats
ERR13762764	/scratch/pawsey1142/gracefang/WPM_project/WPM_population_genetics/4b.qualimap_QC/ERR13762764.markdup_stats
ERR13762787	/scratch/pawsey1142/gracefang/WPM_project/WPM_population_genetics/4b.qualimap_QC/ERR13762787.markdup_stats
SRR11548166	/scratch/pawsey1142/gracefang/WPM_project/WPM_population_genetics/4b.qualimap_QC/SRR11548166.markdup_stats
SRR11548169	/scratch/pawsey1142/gracefang/WPM_project/WPM_population_genetics/4b.qualimap_QC/SRR11548169.markdup_stats
SRR11548136	/scratch/pawsey1142/gracefang/WPM_project/WPM_population_genetics/4b.qualimap_QC/SRR11548136.markdup_stats
ERR13762736	/scratch/pawsey1142/gracefang/WPM_project/WPM_population_genetics/4b.qualimap_QC/ERR13762736.markdup_stats
SRR11548168	/scratch/pawsey1142/gracefang/WPM_project/WPM_population_genetics/4b.qualimap_QC/SRR11548168.markdup_stats
ERR13762895	/scratch/pawsey1142/gracefang/WPM_project/WPM_population_genetics/4b.qualimap_QC/ERR13762895.markdup_stats
SRR11548191	/scratch/pawsey1142/gracefang/WPM_project/WPM_population_genetics/4b.qualimap_QC/SRR11548191.markdup_stats
SRR11548205	/scratch/pawsey1142/gracefang/WPM_project/WPM_population_genetics/4b.qualimap_QC/SRR11548205.markdup_stats
SRR11548195	/scratch/pawsey1142/gracefang/WPM_project/WPM_population_genetics/4b.qualimap_QC/SRR11548195.markdup_stats
ERR13762839	/scratch/pawsey1142/gracefang/WPM_project/WPM_population_genetics/4b.qualimap_QC/ERR13762839.markdup_stats
SRR11548197	/scratch/pawsey1142/gracefang/WPM_project/WPM_population_genetics/4b.qualimap_QC/SRR11548197.markdup_stats
SRR11548150	/scratch/pawsey1142/gracefang/WPM_project/WPM_population_genetics/4b.qualimap_QC/SRR11548150.markdup_stats
ERR13762783	/scratch/pawsey1142/gracefang/WPM_project/WPM_population_genetics/4b.qualimap_QC/ERR13762783.markdup_stats
SRR11548178	/scratch/pawsey1142/gracefang/WPM_project/WPM_population_genetics/4b.qualimap_QC/SRR11548178.markdup_stats
SRR11548139	/scratch/pawsey1142/gracefang/WPM_project/WPM_population_genetics/4b.qualimap_QC/SRR11548139.markdup_stats
ERR13762753	/scratch/pawsey1142/gracefang/WPM_project/WPM_population_genetics/4b.qualimap_QC/ERR13762753.markdup_stats
ERR13762744	/scratch/pawsey1142/gracefang/WPM_project/WPM_population_genetics/4b.qualimap_QC/ERR13762744.markdup_stats
ERR13762738	/scratch/pawsey1142/gracefang/WPM_project/WPM_population_genetics/4b.qualimap_QC/ERR13762738.markdup_stats
SRR11548132	/scratch/pawsey1142/gracefang/WPM_project/WPM_population_genetics/4b.qualimap_QC/SRR11548132.markdup_stats
SRR11548167	/scratch/pawsey1142/gracefang/WPM_project/WPM_population_genetics/4b.qualimap_QC/SRR11548167.markdup_stats
ERR13762793	/scratch/pawsey1142/gracefang/WPM_project/WPM_population_genetics/4b.qualimap_QC/ERR13762793.markdup_stats
SRR11548129	/scratch/pawsey1142/gracefang/WPM_project/WPM_population_genetics/4b.qualimap_QC/SRR11548129.markdup_stats
SRR11548179	/scratch/pawsey1142/gracefang/WPM_project/WPM_population_genetics/4b.qualimap_QC/SRR11548179.markdup_stats
SRR11548155	/scratch/pawsey1142/gracefang/WPM_project/WPM_population_genetics/4b.qualimap_QC/SRR11548155.markdup_stats
ERR13762673	/scratch/pawsey1142/gracefang/WPM_project/WPM_population_genetics/4b.qualimap_QC/ERR13762673.markdup_stats
SRR11548183	/scratch/pawsey1142/gracefang/WPM_project/WPM_population_genetics/4b.qualimap_QC/SRR11548183.markdup_stats
SRR11548204	/scratch/pawsey1142/gracefang/WPM_project/WPM_population_genetics/4b.qualimap_QC/SRR11548204.markdup_stats
ERR13762759	/scratch/pawsey1142/gracefang/WPM_project/WPM_population_genetics/4b.qualimap_QC/ERR13762759.markdup_stats
SRR11548194	/scratch/pawsey1142/gracefang/WPM_project/WPM_population_genetics/4b.qualimap_QC/SRR11548194.markdup_stats
SRR11548162	/scratch/pawsey1142/gracefang/WPM_project/WPM_population_genetics/4b.qualimap_QC/SRR11548162.markdup_stats
SRR11548174	/scratch/pawsey1142/gracefang/WPM_project/WPM_population_genetics/4b.qualimap_QC/SRR11548174.markdup_stats
SRR11548176	/scratch/pawsey1142/gracefang/WPM_project/WPM_population_genetics/4b.qualimap_QC/SRR11548176.markdup_stats
SRR11548144	/scratch/pawsey1142/gracefang/WPM_project/WPM_population_genetics/4b.qualimap_QC/SRR11548144.markdup_stats
ERR13762746	/scratch/pawsey1142/gracefang/WPM_project/WPM_population_genetics/4b.qualimap_QC/ERR13762746.markdup_stats
SRR11548198	/scratch/pawsey1142/gracefang/WPM_project/WPM_population_genetics/4b.qualimap_QC/SRR11548198.markdup_stats
SRR11548154	/scratch/pawsey1142/gracefang/WPM_project/WPM_population_genetics/4b.qualimap_QC/SRR11548154.markdup_stats
ERR13762890	/scratch/pawsey1142/gracefang/WPM_project/WPM_population_genetics/4b.qualimap_QC/ERR13762890.markdup_stats
SRR11548133	/scratch/pawsey1142/gracefang/WPM_project/WPM_population_genetics/4b.qualimap_QC/SRR11548133.markdup_stats
ERR13762678	/scratch/pawsey1142/gracefang/WPM_project/WPM_population_genetics/4b.qualimap_QC/ERR13762678.markdup_stats
SRR11548135	/scratch/pawsey1142/gracefang/WPM_project/WPM_population_genetics/4b.qualimap_QC/SRR11548135.markdup_stats
ERR13762808	/scratch/pawsey1142/gracefang/WPM_project/WPM_population_genetics/4b.qualimap_QC/ERR13762808.markdup_stats
SRR11548213	/scratch/pawsey1142/gracefang/WPM_project/WPM_population_genetics/4b.qualimap_QC/SRR11548213.markdup_stats
SRR11548170	/scratch/pawsey1142/gracefang/WPM_project/WPM_population_genetics/4b.qualimap_QC/SRR11548170.markdup_stats
SRR11548175	/scratch/pawsey1142/gracefang/WPM_project/WPM_population_genetics/4b.qualimap_QC/SRR11548175.markdup_stats
SRR11548149	/scratch/pawsey1142/gracefang/WPM_project/WPM_population_genetics/4b.qualimap_QC/SRR11548149.markdup_stats
SRR11548182	/scratch/pawsey1142/gracefang/WPM_project/WPM_population_genetics/4b.qualimap_QC/SRR11548182.markdup_stats
SRR11548181	/scratch/pawsey1142/gracefang/WPM_project/WPM_population_genetics/4b.qualimap_QC/SRR11548181.markdup_stats
SRR19456407	/scratch/pawsey1142/gracefang/WPM_project/WPM_population_genetics/4b.qualimap_QC/SRR19456407.markdup_stats
SRR19456452	/scratch/pawsey1142/gracefang/WPM_project/WPM_population_genetics/4b.qualimap_QC/SRR19456452.markdup_stats
SRR11548128	/scratch/pawsey1142/gracefang/WPM_project/WPM_population_genetics/4b.qualimap_QC/SRR11548128.markdup_stats
SRR11548159	/scratch/pawsey1142/gracefang/WPM_project/WPM_population_genetics/4b.qualimap_QC/SRR11548159.markdup_stats
SRR19456412	/scratch/pawsey1142/gracefang/WPM_project/WPM_population_genetics/4b.qualimap_QC/SRR19456412.markdup_stats
SRR11548201	/scratch/pawsey1142/gracefang/WPM_project/WPM_population_genetics/4b.qualimap_QC/SRR11548201.markdup_stats
SRR19456451	/scratch/pawsey1142/gracefang/WPM_project/WPM_population_genetics/4b.qualimap_QC/SRR19456451.markdup_stats
SRR11548209	/scratch/pawsey1142/gracefang/WPM_project/WPM_population_genetics/4b.qualimap_QC/SRR11548209.markdup_stats
SRR11548138	/scratch/pawsey1142/gracefang/WPM_project/WPM_population_genetics/4b.qualimap_QC/SRR11548138.markdup_stats
ERR13762813	/scratch/pawsey1142/gracefang/WPM_project/WPM_population_genetics/4b.qualimap_QC/ERR13762813.markdup_stats
SRR19456487	/scratch/pawsey1142/gracefang/WPM_project/WPM_population_genetics/4b.qualimap_QC/SRR19456487.markdup_stats
SRR11548196	/scratch/pawsey1142/gracefang/WPM_project/WPM_population_genetics/4b.qualimap_QC/SRR11548196.markdup_stats
SRR11548148	/scratch/pawsey1142/gracefang/WPM_project/WPM_population_genetics/4b.qualimap_QC/SRR11548148.markdup_stats
SRR19456418	/scratch/pawsey1142/gracefang/WPM_project/WPM_population_genetics/4b.qualimap_QC/SRR19456418.markdup_stats
SRR19456497	/scratch/pawsey1142/gracefang/WPM_project/WPM_population_genetics/4b.qualimap_QC/SRR19456497.markdup_stats
SRR11548164	/scratch/pawsey1142/gracefang/WPM_project/WPM_population_genetics/4b.qualimap_QC/SRR11548164.markdup_stats
SRR11548217	/scratch/pawsey1142/gracefang/WPM_project/WPM_population_genetics/4b.qualimap_QC/SRR11548217.markdup_stats
SRR11548212	/scratch/pawsey1142/gracefang/WPM_project/WPM_population_genetics/4b.qualimap_QC/SRR11548212.markdup_stats
SRR19456495	/scratch/pawsey1142/gracefang/WPM_project/WPM_population_genetics/4b.qualimap_QC/SRR19456495.markdup_stats
SRR19456421	/scratch/pawsey1142/gracefang/WPM_project/WPM_population_genetics/4b.qualimap_QC/SRR19456421.markdup_stats
SRR11548153	/scratch/pawsey1142/gracefang/WPM_project/WPM_population_genetics/4b.qualimap_QC/SRR11548153.markdup_stats
SRR11548206	/scratch/pawsey1142/gracefang/WPM_project/WPM_population_genetics/4b.qualimap_QC/SRR11548206.markdup_stats
SRR11548156	/scratch/pawsey1142/gracefang/WPM_project/WPM_population_genetics/4b.qualimap_QC/SRR11548156.markdup_stats
SRR11548216	/scratch/pawsey1142/gracefang/WPM_project/WPM_population_genetics/4b.qualimap_QC/SRR11548216.markdup_stats
SRR19456415	/scratch/pawsey1142/gracefang/WPM_project/WPM_population_genetics/4b.qualimap_QC/SRR19456415.markdup_stats
SRR19456440	/scratch/pawsey1142/gracefang/WPM_project/WPM_population_genetics/4b.qualimap_QC/SRR19456440.markdup_stats
SRR11548208	/scratch/pawsey1142/gracefang/WPM_project/WPM_population_genetics/4b.qualimap_QC/SRR11548208.markdup_stats
SRR11548214	/scratch/pawsey1142/gracefang/WPM_project/WPM_population_genetics/4b.qualimap_QC/SRR11548214.markdup_stats
SRR11548185	/scratch/pawsey1142/gracefang/WPM_project/WPM_population_genetics/4b.qualimap_QC/SRR11548185.markdup_stats
SRR19456438	/scratch/pawsey1142/gracefang/WPM_project/WPM_population_genetics/4b.qualimap_QC/SRR19456438.markdup_stats
SRR12606682	/scratch/pawsey1142/gracefang/WPM_project/WPM_population_genetics/4b.qualimap_QC/SRR12606682.markdup_stats
SRR19456486	/scratch/pawsey1142/gracefang/WPM_project/WPM_population_genetics/4b.qualimap_QC/SRR19456486.markdup_stats
SRR11548157	/scratch/pawsey1142/gracefang/WPM_project/WPM_population_genetics/4b.qualimap_QC/SRR11548157.markdup_stats
SRR19456422	/scratch/pawsey1142/gracefang/WPM_project/WPM_population_genetics/4b.qualimap_QC/SRR19456422.markdup_stats
SRR19456468	/scratch/pawsey1142/gracefang/WPM_project/WPM_population_genetics/4b.qualimap_QC/SRR19456468.markdup_stats
SRR19456424	/scratch/pawsey1142/gracefang/WPM_project/WPM_population_genetics/4b.qualimap_QC/SRR19456424.markdup_stats
SRR19456465	/scratch/pawsey1142/gracefang/WPM_project/WPM_population_genetics/4b.qualimap_QC/SRR19456465.markdup_stats
SRR19456479	/scratch/pawsey1142/gracefang/WPM_project/WPM_population_genetics/4b.qualimap_QC/SRR19456479.markdup_stats
SRR11548215	/scratch/pawsey1142/gracefang/WPM_project/WPM_population_genetics/4b.qualimap_QC/SRR11548215.markdup_stats
SRR19456482	/scratch/pawsey1142/gracefang/WPM_project/WPM_population_genetics/4b.qualimap_QC/SRR19456482.markdup_stats
SRR19456471	/scratch/pawsey1142/gracefang/WPM_project/WPM_population_genetics/4b.qualimap_QC/SRR19456471.markdup_stats
SRR19456505	/scratch/pawsey1142/gracefang/WPM_project/WPM_population_genetics/4b.qualimap_QC/SRR19456505.markdup_stats
SRR19456402	/scratch/pawsey1142/gracefang/WPM_project/WPM_population_genetics/4b.qualimap_QC/SRR19456402.markdup_stats
SRR19456437	/scratch/pawsey1142/gracefang/WPM_project/WPM_population_genetics/4b.qualimap_QC/SRR19456437.markdup_stats
SRR19456473	/scratch/pawsey1142/gracefang/WPM_project/WPM_population_genetics/4b.qualimap_QC/SRR19456473.markdup_stats
SRR19456504	/scratch/pawsey1142/gracefang/WPM_project/WPM_population_genetics/4b.qualimap_QC/SRR19456504.markdup_stats
SRR11548219	/scratch/pawsey1142/gracefang/WPM_project/WPM_population_genetics/4b.qualimap_QC/SRR11548219.markdup_stats
SRR11548211	/scratch/pawsey1142/gracefang/WPM_project/WPM_population_genetics/4b.qualimap_QC/SRR11548211.markdup_stats
SRR19456416	/scratch/pawsey1142/gracefang/WPM_project/WPM_population_genetics/4b.qualimap_QC/SRR19456416.markdup_stats
SRR19456396	/scratch/pawsey1142/gracefang/WPM_project/WPM_population_genetics/4b.qualimap_QC/SRR19456396.markdup_stats
SRR19456395	/scratch/pawsey1142/gracefang/WPM_project/WPM_population_genetics/4b.qualimap_QC/SRR19456395.markdup_stats
SRR19456464	/scratch/pawsey1142/gracefang/WPM_project/WPM_population_genetics/4b.qualimap_QC/SRR19456464.markdup_stats
SRR19456475	/scratch/pawsey1142/gracefang/WPM_project/WPM_population_genetics/4b.qualimap_QC/SRR19456475.markdup_stats
SRR11548218	/scratch/pawsey1142/gracefang/WPM_project/WPM_population_genetics/4b.qualimap_QC/SRR11548218.markdup_stats
SRR19456414	/scratch/pawsey1142/gracefang/WPM_project/WPM_population_genetics/4b.qualimap_QC/SRR19456414.markdup_stats
SRR11548160	/scratch/pawsey1142/gracefang/WPM_project/WPM_population_genetics/4b.qualimap_QC/SRR11548160.markdup_stats
SRR19456470	/scratch/pawsey1142/gracefang/WPM_project/WPM_population_genetics/4b.qualimap_QC/SRR19456470.markdup_stats
SRR19456448	/scratch/pawsey1142/gracefang/WPM_project/WPM_population_genetics/4b.qualimap_QC/SRR19456448.markdup_stats
SRR19456400	/scratch/pawsey1142/gracefang/WPM_project/WPM_population_genetics/4b.qualimap_QC/SRR19456400.markdup_stats
SRR19456455	/scratch/pawsey1142/gracefang/WPM_project/WPM_population_genetics/4b.qualimap_QC/SRR19456455.markdup_stats
SRR19456404	/scratch/pawsey1142/gracefang/WPM_project/WPM_population_genetics/4b.qualimap_QC/SRR19456404.markdup_stats
SRR19456490	/scratch/pawsey1142/gracefang/WPM_project/WPM_population_genetics/4b.qualimap_QC/SRR19456490.markdup_stats
SRR19456409	/scratch/pawsey1142/gracefang/WPM_project/WPM_population_genetics/4b.qualimap_QC/SRR19456409.markdup_stats
SRR19456472	/scratch/pawsey1142/gracefang/WPM_project/WPM_population_genetics/4b.qualimap_QC/SRR19456472.markdup_stats
SRR19456425	/scratch/pawsey1142/gracefang/WPM_project/WPM_population_genetics/4b.qualimap_QC/SRR19456425.markdup_stats
SRR19456466	/scratch/pawsey1142/gracefang/WPM_project/WPM_population_genetics/4b.qualimap_QC/SRR19456466.markdup_stats
SRR19456460	/scratch/pawsey1142/gracefang/WPM_project/WPM_population_genetics/4b.qualimap_QC/SRR19456460.markdup_stats
SRR19456401	/scratch/pawsey1142/gracefang/WPM_project/WPM_population_genetics/4b.qualimap_QC/SRR19456401.markdup_stats
SRR19456453	/scratch/pawsey1142/gracefang/WPM_project/WPM_population_genetics/4b.qualimap_QC/SRR19456453.markdup_stats
SRR19456484	/scratch/pawsey1142/gracefang/WPM_project/WPM_population_genetics/4b.qualimap_QC/SRR19456484.markdup_stats
SRR19456436	/scratch/pawsey1142/gracefang/WPM_project/WPM_population_genetics/4b.qualimap_QC/SRR19456436.markdup_stats
SRR19456419	/scratch/pawsey1142/gracefang/WPM_project/WPM_population_genetics/4b.qualimap_QC/SRR19456419.markdup_stats
SRR19456469	/scratch/pawsey1142/gracefang/WPM_project/WPM_population_genetics/4b.qualimap_QC/SRR19456469.markdup_stats
SRR19456494	/scratch/pawsey1142/gracefang/WPM_project/WPM_population_genetics/4b.qualimap_QC/SRR19456494.markdup_stats
SRR11548207	/scratch/pawsey1142/gracefang/WPM_project/WPM_population_genetics/4b.qualimap_QC/SRR11548207.markdup_stats
SRR19456430	/scratch/pawsey1142/gracefang/WPM_project/WPM_population_genetics/4b.qualimap_QC/SRR19456430.markdup_stats
SRR19456496	/scratch/pawsey1142/gracefang/WPM_project/WPM_population_genetics/4b.qualimap_QC/SRR19456496.markdup_stats
SRR11548145	/scratch/pawsey1142/gracefang/WPM_project/WPM_population_genetics/4b.qualimap_QC/SRR11548145.markdup_stats
SRR19456454	/scratch/pawsey1142/gracefang/WPM_project/WPM_population_genetics/4b.qualimap_QC/SRR19456454.markdup_stats
SRR19456458	/scratch/pawsey1142/gracefang/WPM_project/WPM_population_genetics/4b.qualimap_QC/SRR19456458.markdup_stats
SRR19456444	/scratch/pawsey1142/gracefang/WPM_project/WPM_population_genetics/4b.qualimap_QC/SRR19456444.markdup_stats
SRR19456435	/scratch/pawsey1142/gracefang/WPM_project/WPM_population_genetics/4b.qualimap_QC/SRR19456435.markdup_stats
SRR19456426	/scratch/pawsey1142/gracefang/WPM_project/WPM_population_genetics/4b.qualimap_QC/SRR19456426.markdup_stats
SRR19456474	/scratch/pawsey1142/gracefang/WPM_project/WPM_population_genetics/4b.qualimap_QC/SRR19456474.markdup_stats
SRR19456478	/scratch/pawsey1142/gracefang/WPM_project/WPM_population_genetics/4b.qualimap_QC/SRR19456478.markdup_stats
SRR19456493	/scratch/pawsey1142/gracefang/WPM_project/WPM_population_genetics/4b.qualimap_QC/SRR19456493.markdup_stats
SRR19456399	/scratch/pawsey1142/gracefang/WPM_project/WPM_population_genetics/4b.qualimap_QC/SRR19456399.markdup_stats
SRR19456408	/scratch/pawsey1142/gracefang/WPM_project/WPM_population_genetics/4b.qualimap_QC/SRR19456408.markdup_stats
SRR19456417	/scratch/pawsey1142/gracefang/WPM_project/WPM_population_genetics/4b.qualimap_QC/SRR19456417.markdup_stats
SRR19456477	/scratch/pawsey1142/gracefang/WPM_project/WPM_population_genetics/4b.qualimap_QC/SRR19456477.markdup_stats
SRR19456427	/scratch/pawsey1142/gracefang/WPM_project/WPM_population_genetics/4b.qualimap_QC/SRR19456427.markdup_stats
SRR19456523	/scratch/pawsey1142/gracefang/WPM_project/WPM_population_genetics/4b.qualimap_QC/SRR19456523.markdup_stats
SRR19456508	/scratch/pawsey1142/gracefang/WPM_project/WPM_population_genetics/4b.qualimap_QC/SRR19456508.markdup_stats
SRR19456512	/scratch/pawsey1142/gracefang/WPM_project/WPM_population_genetics/4b.qualimap_QC/SRR19456512.markdup_stats
SRR19456433	/scratch/pawsey1142/gracefang/WPM_project/WPM_population_genetics/4b.qualimap_QC/SRR19456433.markdup_stats
SRR19456499	/scratch/pawsey1142/gracefang/WPM_project/WPM_population_genetics/4b.qualimap_QC/SRR19456499.markdup_stats
SRR19456598	/scratch/pawsey1142/gracefang/WPM_project/WPM_population_genetics/4b.qualimap_QC/SRR19456598.markdup_stats
SRR4042182	/scratch/pawsey1142/gracefang/WPM_project/WPM_population_genetics/4b.qualimap_QC/SRR4042182.markdup_stats
SRR19456441	/scratch/pawsey1142/gracefang/WPM_project/WPM_population_genetics/4b.qualimap_QC/SRR19456441.markdup_stats
SRR19456467	/scratch/pawsey1142/gracefang/WPM_project/WPM_population_genetics/4b.qualimap_QC/SRR19456467.markdup_stats
ERR13762635	/scratch/pawsey1142/gracefang/WPM_project/WPM_population_genetics/4b.qualimap_QC/ERR13762635.markdup_stats
SRR19456413	/scratch/pawsey1142/gracefang/WPM_project/WPM_population_genetics/4b.qualimap_QC/SRR19456413.markdup_stats
SRR19456559	/scratch/pawsey1142/gracefang/WPM_project/WPM_population_genetics/4b.qualimap_QC/SRR19456559.markdup_stats
SRR19456476	/scratch/pawsey1142/gracefang/WPM_project/WPM_population_genetics/4b.qualimap_QC/SRR19456476.markdup_stats
SRR19456544	/scratch/pawsey1142/gracefang/WPM_project/WPM_population_genetics/4b.qualimap_QC/SRR19456544.markdup_stats
SRR4042183	/scratch/pawsey1142/gracefang/WPM_project/WPM_population_genetics/4b.qualimap_QC/SRR4042183.markdup_stats
SRR19456510	/scratch/pawsey1142/gracefang/WPM_project/WPM_population_genetics/4b.qualimap_QC/SRR19456510.markdup_stats
SRR19456600	/scratch/pawsey1142/gracefang/WPM_project/WPM_population_genetics/4b.qualimap_QC/SRR19456600.markdup_stats
SRR4042186	/scratch/pawsey1142/gracefang/WPM_project/WPM_population_genetics/4b.qualimap_QC/SRR4042186.markdup_stats
SRR19456443	/scratch/pawsey1142/gracefang/WPM_project/WPM_population_genetics/4b.qualimap_QC/SRR19456443.markdup_stats
SRR19456555	/scratch/pawsey1142/gracefang/WPM_project/WPM_population_genetics/4b.qualimap_QC/SRR19456555.markdup_stats
SRR19456592	/scratch/pawsey1142/gracefang/WPM_project/WPM_population_genetics/4b.qualimap_QC/SRR19456592.markdup_stats
SRR11548210	/scratch/pawsey1142/gracefang/WPM_project/WPM_population_genetics/4b.qualimap_QC/SRR11548210.markdup_stats
SRR4042190	/scratch/pawsey1142/gracefang/WPM_project/WPM_population_genetics/4b.qualimap_QC/SRR4042190.markdup_stats
SRR4042189	/scratch/pawsey1142/gracefang/WPM_project/WPM_population_genetics/4b.qualimap_QC/SRR4042189.markdup_stats
SRR11548193	/scratch/pawsey1142/gracefang/WPM_project/WPM_population_genetics/4b.qualimap_QC/SRR11548193.markdup_stats
SRR19456590	/scratch/pawsey1142/gracefang/WPM_project/WPM_population_genetics/4b.qualimap_QC/SRR19456590.markdup_stats
SRR4042194	/scratch/pawsey1142/gracefang/WPM_project/WPM_population_genetics/4b.qualimap_QC/SRR4042194.markdup_stats
SRR19456428	/scratch/pawsey1142/gracefang/WPM_project/WPM_population_genetics/4b.qualimap_QC/SRR19456428.markdup_stats
SRR19456591	/scratch/pawsey1142/gracefang/WPM_project/WPM_population_genetics/4b.qualimap_QC/SRR19456591.markdup_stats
SRR19456548	/scratch/pawsey1142/gracefang/WPM_project/WPM_population_genetics/4b.qualimap_QC/SRR19456548.markdup_stats
SRR19456522	/scratch/pawsey1142/gracefang/WPM_project/WPM_population_genetics/4b.qualimap_QC/SRR19456522.markdup_stats
SRR4042188	/scratch/pawsey1142/gracefang/WPM_project/WPM_population_genetics/4b.qualimap_QC/SRR4042188.markdup_stats
SRR4042197	/scratch/pawsey1142/gracefang/WPM_project/WPM_population_genetics/4b.qualimap_QC/SRR4042197.markdup_stats
SRR19456547	/scratch/pawsey1142/gracefang/WPM_project/WPM_population_genetics/4b.qualimap_QC/SRR19456547.markdup_stats
SRR19456582	/scratch/pawsey1142/gracefang/WPM_project/WPM_population_genetics/4b.qualimap_QC/SRR19456582.markdup_stats
SRR19456585	/scratch/pawsey1142/gracefang/WPM_project/WPM_population_genetics/4b.qualimap_QC/SRR19456585.markdup_stats
SRR19456485	/scratch/pawsey1142/gracefang/WPM_project/WPM_population_genetics/4b.qualimap_QC/SRR19456485.markdup_stats
SRR19456538	/scratch/pawsey1142/gracefang/WPM_project/WPM_population_genetics/4b.qualimap_QC/SRR19456538.markdup_stats
SRR4042187	/scratch/pawsey1142/gracefang/WPM_project/WPM_population_genetics/4b.qualimap_QC/SRR4042187.markdup_stats
SRR4042200	/scratch/pawsey1142/gracefang/WPM_project/WPM_population_genetics/4b.qualimap_QC/SRR4042200.markdup_stats
SRR19456551	/scratch/pawsey1142/gracefang/WPM_project/WPM_population_genetics/4b.qualimap_QC/SRR19456551.markdup_stats
SRR19456588	/scratch/pawsey1142/gracefang/WPM_project/WPM_population_genetics/4b.qualimap_QC/SRR19456588.markdup_stats
SRR19456521	/scratch/pawsey1142/gracefang/WPM_project/WPM_population_genetics/4b.qualimap_QC/SRR19456521.markdup_stats
SRR4042196	/scratch/pawsey1142/gracefang/WPM_project/WPM_population_genetics/4b.qualimap_QC/SRR4042196.markdup_stats
SRR19456578	/scratch/pawsey1142/gracefang/WPM_project/WPM_population_genetics/4b.qualimap_QC/SRR19456578.markdup_stats
SRR19456549	/scratch/pawsey1142/gracefang/WPM_project/WPM_population_genetics/4b.qualimap_QC/SRR19456549.markdup_stats
SRR19456587	/scratch/pawsey1142/gracefang/WPM_project/WPM_population_genetics/4b.qualimap_QC/SRR19456587.markdup_stats
SRR19456539	/scratch/pawsey1142/gracefang/WPM_project/WPM_population_genetics/4b.qualimap_QC/SRR19456539.markdup_stats
SRR19456527	/scratch/pawsey1142/gracefang/WPM_project/WPM_population_genetics/4b.qualimap_QC/SRR19456527.markdup_stats
SRR19456517	/scratch/pawsey1142/gracefang/WPM_project/WPM_population_genetics/4b.qualimap_QC/SRR19456517.markdup_stats
SRR4042185	/scratch/pawsey1142/gracefang/WPM_project/WPM_population_genetics/4b.qualimap_QC/SRR4042185.markdup_stats
SRR19456609	/scratch/pawsey1142/gracefang/WPM_project/WPM_population_genetics/4b.qualimap_QC/SRR19456609.markdup_stats
SRR19456597	/scratch/pawsey1142/gracefang/WPM_project/WPM_population_genetics/4b.qualimap_QC/SRR19456597.markdup_stats
SRR11548142	/scratch/pawsey1142/gracefang/WPM_project/WPM_population_genetics/4b.qualimap_QC/SRR11548142.markdup_stats
SRR19456572	/scratch/pawsey1142/gracefang/WPM_project/WPM_population_genetics/4b.qualimap_QC/SRR19456572.markdup_stats
SRR4042192	/scratch/pawsey1142/gracefang/WPM_project/WPM_population_genetics/4b.qualimap_QC/SRR4042192.markdup_stats
SRR19456541	/scratch/pawsey1142/gracefang/WPM_project/WPM_population_genetics/4b.qualimap_QC/SRR19456541.markdup_stats
SRR11548137	/scratch/pawsey1142/gracefang/WPM_project/WPM_population_genetics/4b.qualimap_QC/SRR11548137.markdup_stats
SRR19456589	/scratch/pawsey1142/gracefang/WPM_project/WPM_population_genetics/4b.qualimap_QC/SRR19456589.markdup_stats
SRR19456568	/scratch/pawsey1142/gracefang/WPM_project/WPM_population_genetics/4b.qualimap_QC/SRR19456568.markdup_stats
SRR19456545	/scratch/pawsey1142/gracefang/WPM_project/WPM_population_genetics/4b.qualimap_QC/SRR19456545.markdup_stats
SRR19456536	/scratch/pawsey1142/gracefang/WPM_project/WPM_population_genetics/4b.qualimap_QC/SRR19456536.markdup_stats
SRR19456571	/scratch/pawsey1142/gracefang/WPM_project/WPM_population_genetics/4b.qualimap_QC/SRR19456571.markdup_stats
SRR19456525	/scratch/pawsey1142/gracefang/WPM_project/WPM_population_genetics/4b.qualimap_QC/SRR19456525.markdup_stats
SRR19456602	/scratch/pawsey1142/gracefang/WPM_project/WPM_population_genetics/4b.qualimap_QC/SRR19456602.markdup_stats
SRR4042191	/scratch/pawsey1142/gracefang/WPM_project/WPM_population_genetics/4b.qualimap_QC/SRR4042191.markdup_stats
SRR19456531	/scratch/pawsey1142/gracefang/WPM_project/WPM_population_genetics/4b.qualimap_QC/SRR19456531.markdup_stats
SRR19456514	/scratch/pawsey1142/gracefang/WPM_project/WPM_population_genetics/4b.qualimap_QC/SRR19456514.markdup_stats
SRR4042198	/scratch/pawsey1142/gracefang/WPM_project/WPM_population_genetics/4b.qualimap_QC/SRR4042198.markdup_stats
SRR19456601	/scratch/pawsey1142/gracefang/WPM_project/WPM_population_genetics/4b.qualimap_QC/SRR19456601.markdup_stats
SRR19456570	/scratch/pawsey1142/gracefang/WPM_project/WPM_population_genetics/4b.qualimap_QC/SRR19456570.markdup_stats
SRR2153095	/scratch/pawsey1142/gracefang/WPM_project/WPM_population_genetics/4b.qualimap_QC/SRR2153095.markdup_stats
SRR19456529	/scratch/pawsey1142/gracefang/WPM_project/WPM_population_genetics/4b.qualimap_QC/SRR19456529.markdup_stats
SRR4042184	/scratch/pawsey1142/gracefang/WPM_project/WPM_population_genetics/4b.qualimap_QC/SRR4042184.markdup_stats
SRR19456513	/scratch/pawsey1142/gracefang/WPM_project/WPM_population_genetics/4b.qualimap_QC/SRR19456513.markdup_stats
SRR4042193	/scratch/pawsey1142/gracefang/WPM_project/WPM_population_genetics/4b.qualimap_QC/SRR4042193.markdup_stats
SRR19456532	/scratch/pawsey1142/gracefang/WPM_project/WPM_population_genetics/4b.qualimap_QC/SRR19456532.markdup_stats
SRR19456518	/scratch/pawsey1142/gracefang/WPM_project/WPM_population_genetics/4b.qualimap_QC/SRR19456518.markdup_stats
SRR19456604	/scratch/pawsey1142/gracefang/WPM_project/WPM_population_genetics/4b.qualimap_QC/SRR19456604.markdup_stats
SRR19456608	/scratch/pawsey1142/gracefang/WPM_project/WPM_population_genetics/4b.qualimap_QC/SRR19456608.markdup_stats
SRR19456534	/scratch/pawsey1142/gracefang/WPM_project/WPM_population_genetics/4b.qualimap_QC/SRR19456534.markdup_stats
SRR19456575	/scratch/pawsey1142/gracefang/WPM_project/WPM_population_genetics/4b.qualimap_QC/SRR19456575.markdup_stats
SRR7299449	/scratch/pawsey1142/gracefang/WPM_project/WPM_population_genetics/4b.qualimap_QC/SRR7299449.markdup_stats
SRR4042199	/scratch/pawsey1142/gracefang/WPM_project/WPM_population_genetics/4b.qualimap_QC/SRR4042199.markdup_stats
SRR19456596	/scratch/pawsey1142/gracefang/WPM_project/WPM_population_genetics/4b.qualimap_QC/SRR19456596.markdup_stats
SRR7299451	/scratch/pawsey1142/gracefang/WPM_project/WPM_population_genetics/4b.qualimap_QC/SRR7299451.markdup_stats
SRR19456583	/scratch/pawsey1142/gracefang/WPM_project/WPM_population_genetics/4b.qualimap_QC/SRR19456583.markdup_stats
SRR2153081	/scratch/pawsey1142/gracefang/WPM_project/WPM_population_genetics/4b.qualimap_QC/SRR2153081.markdup_stats
SRR4042203	/scratch/pawsey1142/gracefang/WPM_project/WPM_population_genetics/4b.qualimap_QC/SRR4042203.markdup_stats
SRR7299450	/scratch/pawsey1142/gracefang/WPM_project/WPM_population_genetics/4b.qualimap_QC/SRR7299450.markdup_stats
SRR7299452	/scratch/pawsey1142/gracefang/WPM_project/WPM_population_genetics/4b.qualimap_QC/SRR7299452.markdup_stats
SRR19456550	/scratch/pawsey1142/gracefang/WPM_project/WPM_population_genetics/4b.qualimap_QC/SRR19456550.markdup_stats
SRR19456554	/scratch/pawsey1142/gracefang/WPM_project/WPM_population_genetics/4b.qualimap_QC/SRR19456554.markdup_stats
SRR19456594	/scratch/pawsey1142/gracefang/WPM_project/WPM_population_genetics/4b.qualimap_QC/SRR19456594.markdup_stats
SRR11747795	/scratch/pawsey1142/gracefang/WPM_project/WPM_population_genetics/4b.qualimap_QC/SRR11747795.markdup_stats
SRR7299469	/scratch/pawsey1142/gracefang/WPM_project/WPM_population_genetics/4b.qualimap_QC/SRR7299469.markdup_stats
SRR19456576	/scratch/pawsey1142/gracefang/WPM_project/WPM_population_genetics/4b.qualimap_QC/SRR19456576.markdup_stats
SRR2153118	/scratch/pawsey1142/gracefang/WPM_project/WPM_population_genetics/4b.qualimap_QC/SRR2153118.markdup_stats
SRR2153089	/scratch/pawsey1142/gracefang/WPM_project/WPM_population_genetics/4b.qualimap_QC/SRR2153089.markdup_stats
SRR19456606	/scratch/pawsey1142/gracefang/WPM_project/WPM_population_genetics/4b.qualimap_QC/SRR19456606.markdup_stats
SRR19456557	/scratch/pawsey1142/gracefang/WPM_project/WPM_population_genetics/4b.qualimap_QC/SRR19456557.markdup_stats
SRR2153104	/scratch/pawsey1142/gracefang/WPM_project/WPM_population_genetics/4b.qualimap_QC/SRR2153104.markdup_stats
SRR19456569	/scratch/pawsey1142/gracefang/WPM_project/WPM_population_genetics/4b.qualimap_QC/SRR19456569.markdup_stats
SRR7299470	/scratch/pawsey1142/gracefang/WPM_project/WPM_population_genetics/4b.qualimap_QC/SRR7299470.markdup_stats
SRR2153085	/scratch/pawsey1142/gracefang/WPM_project/WPM_population_genetics/4b.qualimap_QC/SRR2153085.markdup_stats
SRR7299483	/scratch/pawsey1142/gracefang/WPM_project/WPM_population_genetics/4b.qualimap_QC/SRR7299483.markdup_stats
SRR2153120	/scratch/pawsey1142/gracefang/WPM_project/WPM_population_genetics/4b.qualimap_QC/SRR2153120.markdup_stats
SRR4042201	/scratch/pawsey1142/gracefang/WPM_project/WPM_population_genetics/4b.qualimap_QC/SRR4042201.markdup_stats
SRR7642215	/scratch/pawsey1142/gracefang/WPM_project/WPM_population_genetics/4b.qualimap_QC/SRR7642215.markdup_stats
SRR7299482	/scratch/pawsey1142/gracefang/WPM_project/WPM_population_genetics/4b.qualimap_QC/SRR7299482.markdup_stats
SRR11747797	/scratch/pawsey1142/gracefang/WPM_project/WPM_population_genetics/4b.qualimap_QC/SRR11747797.markdup_stats
SRR2153090	/scratch/pawsey1142/gracefang/WPM_project/WPM_population_genetics/4b.qualimap_QC/SRR2153090.markdup_stats
SRR7299458	/scratch/pawsey1142/gracefang/WPM_project/WPM_population_genetics/4b.qualimap_QC/SRR7299458.markdup_stats
SRR2153088	/scratch/pawsey1142/gracefang/WPM_project/WPM_population_genetics/4b.qualimap_QC/SRR2153088.markdup_stats
SRR11747798	/scratch/pawsey1142/gracefang/WPM_project/WPM_population_genetics/4b.qualimap_QC/SRR11747798.markdup_stats
SRR7299471	/scratch/pawsey1142/gracefang/WPM_project/WPM_population_genetics/4b.qualimap_QC/SRR7299471.markdup_stats
SRR2153122	/scratch/pawsey1142/gracefang/WPM_project/WPM_population_genetics/4b.qualimap_QC/SRR2153122.markdup_stats
SRR7299526	/scratch/pawsey1142/gracefang/WPM_project/WPM_population_genetics/4b.qualimap_QC/SRR7299526.markdup_stats
SRR11747796	/scratch/pawsey1142/gracefang/WPM_project/WPM_population_genetics/4b.qualimap_QC/SRR11747796.markdup_stats
SRR7299461	/scratch/pawsey1142/gracefang/WPM_project/WPM_population_genetics/4b.qualimap_QC/SRR7299461.markdup_stats
SRR7299468	/scratch/pawsey1142/gracefang/WPM_project/WPM_population_genetics/4b.qualimap_QC/SRR7299468.markdup_stats
SRR11747799	/scratch/pawsey1142/gracefang/WPM_project/WPM_population_genetics/4b.qualimap_QC/SRR11747799.markdup_stats
SRR19456574	/scratch/pawsey1142/gracefang/WPM_project/WPM_population_genetics/4b.qualimap_QC/SRR19456574.markdup_stats
SRR2153092	/scratch/pawsey1142/gracefang/WPM_project/WPM_population_genetics/4b.qualimap_QC/SRR2153092.markdup_stats
SRR2153119	/scratch/pawsey1142/gracefang/WPM_project/WPM_population_genetics/4b.qualimap_QC/SRR2153119.markdup_stats
SRR7299491	/scratch/pawsey1142/gracefang/WPM_project/WPM_population_genetics/4b.qualimap_QC/SRR7299491.markdup_stats
SRR7299498	/scratch/pawsey1142/gracefang/WPM_project/WPM_population_genetics/4b.qualimap_QC/SRR7299498.markdup_stats
SRR2153091	/scratch/pawsey1142/gracefang/WPM_project/WPM_population_genetics/4b.qualimap_QC/SRR2153091.markdup_stats
SRR7299509	/scratch/pawsey1142/gracefang/WPM_project/WPM_population_genetics/4b.qualimap_QC/SRR7299509.markdup_stats
SRR19456560	/scratch/pawsey1142/gracefang/WPM_project/WPM_population_genetics/4b.qualimap_QC/SRR19456560.markdup_stats
SRR7299481	/scratch/pawsey1142/gracefang/WPM_project/WPM_population_genetics/4b.qualimap_QC/SRR7299481.markdup_stats
SRR7299499	/scratch/pawsey1142/gracefang/WPM_project/WPM_population_genetics/4b.qualimap_QC/SRR7299499.markdup_stats
SRR7299510	/scratch/pawsey1142/gracefang/WPM_project/WPM_population_genetics/4b.qualimap_QC/SRR7299510.markdup_stats
SRR2153093	/scratch/pawsey1142/gracefang/WPM_project/WPM_population_genetics/4b.qualimap_QC/SRR2153093.markdup_stats
SRR7299525	/scratch/pawsey1142/gracefang/WPM_project/WPM_population_genetics/4b.qualimap_QC/SRR7299525.markdup_stats
SRR7299454	/scratch/pawsey1142/gracefang/WPM_project/WPM_population_genetics/4b.qualimap_QC/SRR7299454.markdup_stats
SRR2153124	/scratch/pawsey1142/gracefang/WPM_project/WPM_population_genetics/4b.qualimap_QC/SRR2153124.markdup_stats
SRR7299457	/scratch/pawsey1142/gracefang/WPM_project/WPM_population_genetics/4b.qualimap_QC/SRR7299457.markdup_stats
SRR2153117	/scratch/pawsey1142/gracefang/WPM_project/WPM_population_genetics/4b.qualimap_QC/SRR2153117.markdup_stats
SRR2153094	/scratch/pawsey1142/gracefang/WPM_project/WPM_population_genetics/4b.qualimap_QC/SRR2153094.markdup_stats
SRR4042202	/scratch/pawsey1142/gracefang/WPM_project/WPM_population_genetics/4b.qualimap_QC/SRR4042202.markdup_stats
SRR7299511	/scratch/pawsey1142/gracefang/WPM_project/WPM_population_genetics/4b.qualimap_QC/SRR7299511.markdup_stats
SRR7299474	/scratch/pawsey1142/gracefang/WPM_project/WPM_population_genetics/4b.qualimap_QC/SRR7299474.markdup_stats
SRR7299512	/scratch/pawsey1142/gracefang/WPM_project/WPM_population_genetics/4b.qualimap_QC/SRR7299512.markdup_stats
SRR7299492	/scratch/pawsey1142/gracefang/WPM_project/WPM_population_genetics/4b.qualimap_QC/SRR7299492.markdup_stats
SRR7299456	/scratch/pawsey1142/gracefang/WPM_project/WPM_population_genetics/4b.qualimap_QC/SRR7299456.markdup_stats
SRR7299522	/scratch/pawsey1142/gracefang/WPM_project/WPM_population_genetics/4b.qualimap_QC/SRR7299522.markdup_stats
SRR7299463	/scratch/pawsey1142/gracefang/WPM_project/WPM_population_genetics/4b.qualimap_QC/SRR7299463.markdup_stats
SRR7299465	/scratch/pawsey1142/gracefang/WPM_project/WPM_population_genetics/4b.qualimap_QC/SRR7299465.markdup_stats
SRR7299466	/scratch/pawsey1142/gracefang/WPM_project/WPM_population_genetics/4b.qualimap_QC/SRR7299466.markdup_stats
SRR7299496	/scratch/pawsey1142/gracefang/WPM_project/WPM_population_genetics/4b.qualimap_QC/SRR7299496.markdup_stats
SRR2153115	/scratch/pawsey1142/gracefang/WPM_project/WPM_population_genetics/4b.qualimap_QC/SRR2153115.markdup_stats
SRR2153083	/scratch/pawsey1142/gracefang/WPM_project/WPM_population_genetics/4b.qualimap_QC/SRR2153083.markdup_stats
SRR2153082	/scratch/pawsey1142/gracefang/WPM_project/WPM_population_genetics/4b.qualimap_QC/SRR2153082.markdup_stats
SRR2153086	/scratch/pawsey1142/gracefang/WPM_project/WPM_population_genetics/4b.qualimap_QC/SRR2153086.markdup_stats
SRR7299507	/scratch/pawsey1142/gracefang/WPM_project/WPM_population_genetics/4b.qualimap_QC/SRR7299507.markdup_stats
SRR7299478	/scratch/pawsey1142/gracefang/WPM_project/WPM_population_genetics/4b.qualimap_QC/SRR7299478.markdup_stats
SRR19456564	/scratch/pawsey1142/gracefang/WPM_project/WPM_population_genetics/4b.qualimap_QC/SRR19456564.markdup_stats
SRR7299523	/scratch/pawsey1142/gracefang/WPM_project/WPM_population_genetics/4b.qualimap_QC/SRR7299523.markdup_stats
SRR7299495	/scratch/pawsey1142/gracefang/WPM_project/WPM_population_genetics/4b.qualimap_QC/SRR7299495.markdup_stats
SRR7299506	/scratch/pawsey1142/gracefang/WPM_project/WPM_population_genetics/4b.qualimap_QC/SRR7299506.markdup_stats
SRR7299485	/scratch/pawsey1142/gracefang/WPM_project/WPM_population_genetics/4b.qualimap_QC/SRR7299485.markdup_stats
SRR7299517	/scratch/pawsey1142/gracefang/WPM_project/WPM_population_genetics/4b.qualimap_QC/SRR7299517.markdup_stats
SRR7299514	/scratch/pawsey1142/gracefang/WPM_project/WPM_population_genetics/4b.qualimap_QC/SRR7299514.markdup_stats
SRR7299521	/scratch/pawsey1142/gracefang/WPM_project/WPM_population_genetics/4b.qualimap_QC/SRR7299521.markdup_stats
SRR7299486	/scratch/pawsey1142/gracefang/WPM_project/WPM_population_genetics/4b.qualimap_QC/SRR7299486.markdup_stats
SRR11747803	/scratch/pawsey1142/gracefang/WPM_project/WPM_population_genetics/4b.qualimap_QC/SRR11747803.markdup_stats
SRR7299518	/scratch/pawsey1142/gracefang/WPM_project/WPM_population_genetics/4b.qualimap_QC/SRR7299518.markdup_stats
SRR7299502	/scratch/pawsey1142/gracefang/WPM_project/WPM_population_genetics/4b.qualimap_QC/SRR7299502.markdup_stats
SRR7299516	/scratch/pawsey1142/gracefang/WPM_project/WPM_population_genetics/4b.qualimap_QC/SRR7299516.markdup_stats
SRR7299467	/scratch/pawsey1142/gracefang/WPM_project/WPM_population_genetics/4b.qualimap_QC/SRR7299467.markdup_stats
SRR7299453	/scratch/pawsey1142/gracefang/WPM_project/WPM_population_genetics/4b.qualimap_QC/SRR7299453.markdup_stats
SRR2153087	/scratch/pawsey1142/gracefang/WPM_project/WPM_population_genetics/4b.qualimap_QC/SRR2153087.markdup_stats
SRR7299489	/scratch/pawsey1142/gracefang/WPM_project/WPM_population_genetics/4b.qualimap_QC/SRR7299489.markdup_stats
SRR7642212	/scratch/pawsey1142/gracefang/WPM_project/WPM_population_genetics/4b.qualimap_QC/SRR7642212.markdup_stats
SRR7299462	/scratch/pawsey1142/gracefang/WPM_project/WPM_population_genetics/4b.qualimap_QC/SRR7299462.markdup_stats
SRR7299475	/scratch/pawsey1142/gracefang/WPM_project/WPM_population_genetics/4b.qualimap_QC/SRR7299475.markdup_stats
SRR2153084	/scratch/pawsey1142/gracefang/WPM_project/WPM_population_genetics/4b.qualimap_QC/SRR2153084.markdup_stats
SRR11747802	/scratch/pawsey1142/gracefang/WPM_project/WPM_population_genetics/4b.qualimap_QC/SRR11747802.markdup_stats
SRR7642213	/scratch/pawsey1142/gracefang/WPM_project/WPM_population_genetics/4b.qualimap_QC/SRR7642213.markdup_stats
SRR7299473	/scratch/pawsey1142/gracefang/WPM_project/WPM_population_genetics/4b.qualimap_QC/SRR7299473.markdup_stats
SRR7299488	/scratch/pawsey1142/gracefang/WPM_project/WPM_population_genetics/4b.qualimap_QC/SRR7299488.markdup_stats
SRR7299508	/scratch/pawsey1142/gracefang/WPM_project/WPM_population_genetics/4b.qualimap_QC/SRR7299508.markdup_stats
SRR11747801	/scratch/pawsey1142/gracefang/WPM_project/WPM_population_genetics/4b.qualimap_QC/SRR11747801.markdup_stats
SRR2153125	/scratch/pawsey1142/gracefang/WPM_project/WPM_population_genetics/4b.qualimap_QC/SRR2153125.markdup_stats
SRR7299455	/scratch/pawsey1142/gracefang/WPM_project/WPM_population_genetics/4b.qualimap_QC/SRR7299455.markdup_stats
SRR19456537	/scratch/pawsey1142/gracefang/WPM_project/WPM_population_genetics/4b.qualimap_QC/SRR19456537.markdup_stats
SRR7642214	/scratch/pawsey1142/gracefang/WPM_project/WPM_population_genetics/4b.qualimap_QC/SRR7642214.markdup_stats
SRR7299503	/scratch/pawsey1142/gracefang/WPM_project/WPM_population_genetics/4b.qualimap_QC/SRR7299503.markdup_stats
SRR2153123	/scratch/pawsey1142/gracefang/WPM_project/WPM_population_genetics/4b.qualimap_QC/SRR2153123.markdup_stats
SRR7299490	/scratch/pawsey1142/gracefang/WPM_project/WPM_population_genetics/4b.qualimap_QC/SRR7299490.markdup_stats
SRR11747800	/scratch/pawsey1142/gracefang/WPM_project/WPM_population_genetics/4b.qualimap_QC/SRR11747800.markdup_stats
SRR11548151	/scratch/pawsey1142/gracefang/WPM_project/WPM_population_genetics/4b.qualimap_QC/SRR11548151.markdup_stats
SRR4042121	/scratch/pawsey1142/gracefang/WPM_project/WPM_population_genetics/4b.qualimap_QC/SRR4042121.markdup_stats
SRR4042120	/scratch/pawsey1142/gracefang/WPM_project/WPM_population_genetics/4b.qualimap_QC/SRR4042120.markdup_stats
SRR4042118	/scratch/pawsey1142/gracefang/WPM_project/WPM_population_genetics/4b.qualimap_QC/SRR4042118.markdup_stats
SRR4042119	/scratch/pawsey1142/gracefang/WPM_project/WPM_population_genetics/4b.qualimap_QC/SRR4042119.markdup_stats
